<HBProfile>
  <Name>Quarzit</Name>
  <MinDurability>0.4</MinDurability>
  <MinFreeBagSlots>1</MinFreeBagSlots>
  
  <MinLevel>1</MinLevel>
  <MaxLevel>100</MaxLevel>
  <Factions>99999</Factions>
  
  <MailGrey>False</MailGrey>
  <MailWhite>False</MailWhite>
  <MailGreen>False</MailGreen>
  <MailBlue>False</MailBlue>
  <MailPurple>False</MailPurple>
 
  <SellGrey>False</SellGrey>
  <SellWhite>False</SellWhite>
  <SellGreen>False</SellGreen>
  <SellBlue>False</SellBlue>
  <SellPurple>False</SellPurple>
  
	<Vendors>
	</Vendors>

	<Hotspots>
		<Hotspot X="894.3515" Y="862.8928" Z="97.42006" />
	</Hotspots>
</HBProfile>
