<HBProfile>
  <Name>Timelost Protodrake</Name>
  <MinDurability>0.4</MinDurability>
  <MinFreeBagSlots>1</MinFreeBagSlots>
  
  <MinLevel>1</MinLevel>
  <MaxLevel>100</MaxLevel>
  <Factions>99999</Factions>
  
  <MailGrey>False</MailGrey>
  <MailWhite>False</MailWhite>
  <MailGreen>False</MailGreen>
  <MailBlue>False</MailBlue>
  <MailPurple>False</MailPurple>
 
  <SellGrey>False</SellGrey>
  <SellWhite>False</SellWhite>
  <SellGreen>False</SellGreen>
  <SellBlue>False</SellBlue>
  <SellPurple>False</SellPurple>
  
	<Hotspots>
		
		<Hotspot X="6549.377" Y="-793.8851" Z="747.2607" />
		<Hotspot X="6509.121" Y="-788.5078" Z="716.2769" />
		<Hotspot X="6457.107" Y="-774.5178" Z="678.0836" />
		<Hotspot X="6407.185" Y="-752.3941" Z="640.1133" />
		<Hotspot X="6360.186" Y="-721.1832" Z="605.7547" />
		<Hotspot X="6326.741" Y="-670.8987" Z="577.8481" />
		<Hotspot X="6307.422" Y="-611.5163" Z="559.0571" />
		<Hotspot X="6312.034" Y="-547.4506" Z="571.106" />
		<Hotspot X="6319.11" Y="-491.8065" Z="603.0068" />
		<Hotspot X="6323.274" Y="-433.5888" Z="630.7533" />
		<Hotspot X="6330.448" Y="-375.7041" Z="655.1087" />
		<Hotspot X="6332.134" Y="-309.4246" Z="660.3729" />
		<Hotspot X="6330.884" Y="-243.1348" Z="656.007" />
		<Hotspot X="6337.919" Y="-178.242" Z="645.9202" />
		<Hotspot X="6350.395" Y="-119.3394" Z="621.9427" />
		<Hotspot X="6354.478" Y="-91.96326" Z="609.8548" />
		<Hotspot X="6367.885" Y="-31.53803" Z="589.098" />
		<Hotspot X="6391.688" Y="27.46031" Z="573.0191" />
		<Hotspot X="6439.086" Y="72.95841" Z="573.7148" />
		<Hotspot X="6494.871" Y="107.3469" Z="579.1637" />
		<Hotspot X="6542.127" Y="114.1637" Z="625.1491" />
		<Hotspot X="6600.273" Y="120.7369" Z="653.7839" />
		<Hotspot X="6656.888" Y="109.4532" Z="684.6588" />
		<Hotspot X="6689.187" Y="71.35503" Z="727.0241" />
		<Hotspot X="6715.316" Y="32.07255" Z="774.2161" />
		<Hotspot X="6749.219" Y="-10.94242" Z="805.6913" />
		<Hotspot X="6785.574" Y="-66.5961" Z="807.7578" />
		<Hotspot X="6823.972" Y="-120.0716" Z="809.0997" />
		<Hotspot X="6876.859" Y="-158.193" Z="809.6664" />
		<Hotspot X="6925.244" Y="-184.3869" Z="810.499" />
		<Hotspot X="6961.81" Y="-192.9251" Z="815.0093" />
		<Hotspot X="7026.415" Y="-185.7769" Z="823.3874" />
		<Hotspot X="7086.435" Y="-158.4379" Z="828.1591" />
		<Hotspot X="7146.466" Y="-129.8703" Z="832.2254" />
		<Hotspot X="7206.258" Y="-101.4168" Z="836.2754" />
		<Hotspot X="7270.208" Y="-83.23773" Z="840.9897" />
		<Hotspot X="7336.06" Y="-88.20798" Z="846.687" />
		<Hotspot X="7391.593" Y="-92.21986" Z="875.0388" />
		<Hotspot X="7446.851" Y="-95.89127" Z="903.3625" />
		<Hotspot X="7513.278" Y="-101.4718" Z="909.4954" />
		<Hotspot X="7578.892" Y="-110.6842" Z="913.9182" />
		<Hotspot X="7643.516" Y="-125.4074" Z="918.2271" />
		<Hotspot X="7707.204" Y="-143.7564" Z="922.8044" />
		<Hotspot X="7770.646" Y="-163.5173" Z="927.3926" />
		<Hotspot X="7834.84" Y="-178.293" Z="932.0276" />
		<Hotspot X="7899.661" Y="-167.5729" Z="931.5944" />
		<Hotspot X="7961.98" Y="-146.5226" Z="921.6429" />
		<Hotspot X="8024.618" Y="-125.3024" Z="914.4669" />
		<Hotspot X="8087.538" Y="-104.0313" Z="907.6648" />
		<Hotspot X="8151.625" Y="-86.43501" Z="906.7343" />
		<Hotspot X="8215.926" Y="-70.70208" Z="907.832" />
		<Hotspot X="8279.131" Y="-89.53834" Z="909.15" />
		<Hotspot X="8338.011" Y="-120.1642" Z="910.6134" />
		<Hotspot X="8395.232" Y="-153.2641" Z="911.9154" />
		<Hotspot X="8449.493" Y="-192.2706" Z="913.3184" />
		<Hotspot X="8498.353" Y="-232.6871" Z="898.2106" />
		<Hotspot X="8548.821" Y="-273.1857" Z="888.2771" />
		<Hotspot X="8601.672" Y="-313.814" Z="891.4792" />
		<Hotspot X="8654.249" Y="-354.2319" Z="894.6646" />
		<Hotspot X="8706.868" Y="-394.6821" Z="897.8527" />
		<Hotspot X="8740.21" Y="-449.7364" Z="901.0433" />
		<Hotspot X="8738.917" Y="-514.9473" Z="904.239" />
		<Hotspot X="8732.703" Y="-562.2024" Z="948.7139" />
		<Hotspot X="8711.79" Y="-621.7099" Z="959.1373" />
		<Hotspot X="8682.867" Y="-681.4229" Z="961.9203" />
		<Hotspot X="8665.239" Y="-743.3148" Z="956.7872" />
		<Hotspot X="8669.487" Y="-809.5578" Z="951.6214" />
		<Hotspot X="8678.291" Y="-866.9337" Z="968.8251" />
		<Hotspot X="8688.747" Y="-915.295" Z="1008.479" />
		<Hotspot X="8723.788" Y="-957.0679" Z="1035.859" />
		<Hotspot X="8763.967" Y="-1004.295" Z="1042.183" />
		<Hotspot X="8799.17" Y="-1045.675" Z="1069.5" />
		<Hotspot X="8831.594" Y="-1099.071" Z="1084.127" />
		<Hotspot X="8851.261" Y="-1161.896" Z="1093.311" />
		<Hotspot X="8857.337" Y="-1227.816" Z="1096.415" />
		<Hotspot X="8851.022" Y="-1294.014" Z="1098.96" />
		<Hotspot X="8832.717" Y="-1358.04" Z="1097.823" />
		<Hotspot X="8811.22" Y="-1420.747" Z="1096.836" />
		<Hotspot X="8791.606" Y="-1484.06" Z="1093.071" />
		<Hotspot X="8771.475" Y="-1547.296" Z="1087.382" />
		<Hotspot X="8751.375" Y="-1610.43" Z="1081.702" />
		<Hotspot X="8731.316" Y="-1673.439" Z="1076.033" />
		<Hotspot X="8738.578" Y="-1736.448" Z="1070.33" />
		<Hotspot X="8756.568" Y="-1800.091" Z="1066.52" />
		<Hotspot X="8745.899" Y="-1861.738" Z="1063.11" />
		<Hotspot X="8696.263" Y="-1897.981" Z="1059.686" />
		<Hotspot X="8661.277" Y="-1842.992" Z="1059.123" />
		<Hotspot X="8632.63" Y="-1786.438" Z="1066.122" />
		<Hotspot X="8621.258" Y="-1729.735" Z="1053.242" />
		<Hotspot X="8622.766" Y="-1670.589" Z="1023.537" />
		<Hotspot X="8627.857" Y="-1611.315" Z="993.7526" />
		<Hotspot X="8632.651" Y="-1555.149" Z="959.3088" />
		<Hotspot X="8622.521" Y="-1494.459" Z="934.645" />
		<Hotspot X="8593.501" Y="-1435.356" Z="939.998" />
		<Hotspot X="8563.62" Y="-1378.422" Z="956.3247" />
		<Hotspot X="8517.026" Y="-1349.366" Z="985.1352" />
		<Hotspot X="8456.402" Y="-1350.371" Z="1011.473" />
		<Hotspot X="8399.922" Y="-1373.39" Z="1037.164" />
		<Hotspot X="8359.999" Y="-1402.663" Z="1080.557" />
		<Hotspot X="8312.592" Y="-1437.59" Z="1105.227" />
		<Hotspot X="8259.074" Y="-1474.598" Z="1118.44" />
		<Hotspot X="8206.097" Y="-1508.545" Z="1136.304" />
		<Hotspot X="8154.331" Y="-1542.107" Z="1158.201" />
		<Hotspot X="8106.849" Y="-1573.061" Z="1188.557" />
		<Hotspot X="8055.179" Y="-1606.745" Z="1211.404" />
		<Hotspot X="8008.494" Y="-1635.275" Z="1245.119" />
		<Hotspot X="7959.816" Y="-1663.323" Z="1278.079" />
		<Hotspot X="7905.619" Y="-1693.414" Z="1302.657" />
		<Hotspot X="7847.085" Y="-1713.703" Z="1319.198" />
		<Hotspot X="7785.224" Y="-1692.464" Z="1311.849" />
		<Hotspot X="7727.896" Y="-1659.647" Z="1304.667" />
		<Hotspot X="7679.208" Y="-1622.859" Z="1281.124" />
		<Hotspot X="7640.743" Y="-1584.937" Z="1242.788" />
		<Hotspot X="7608.418" Y="-1547.124" Z="1198.777" />
		<Hotspot X="7575.77" Y="-1508.933" Z="1154.608" />
		<Hotspot X="7543.247" Y="-1470.343" Z="1111.227" />
		<Hotspot X="7513.949" Y="-1427.513" Z="1070.073" />
		<Hotspot X="7506.047" Y="-1369.782" Z="1038.855" />
		<Hotspot X="7512.623" Y="-1313.844" Z="1007.654" />
		<Hotspot X="7558.076" Y="-1268.935" Z="991.2682" />
		<Hotspot X="7602.89" Y="-1221.134" Z="979.5789" />
		<Hotspot X="7637.123" Y="-1164.692" Z="975.1386" />
		<Hotspot X="7667.824" Y="-1105.678" Z="973.3395" />
		<Hotspot X="7726.352" Y="-1081.37" Z="983.805" />
		<Hotspot X="7777.583" Y="-1083.158" Z="1023.742" />
		<Hotspot X="7824.483" Y="-1084.796" Z="1070.67" />
		<Hotspot X="7886.189" Y="-1086.95" Z="1094.6" />
		<Hotspot X="7949.645" Y="-1089.914" Z="1114.083" />
		<Hotspot X="8013.357" Y="-1094.704" Z="1107.72" />
		<Hotspot X="8072.446" Y="-1102.453" Z="1077.391" />
		<Hotspot X="8130.525" Y="-1090.5" Z="1049.955" />
		<Hotspot X="8172.892" Y="-1048.84" Z="1021.699" />
		<Hotspot X="8208.253" Y="-993.2528" Z="1020.171" />
		<Hotspot X="8243.342" Y="-936.4372" Z="1021.592" />
		<Hotspot X="8270.484" Y="-876.3542" Z="1023.037" />
		<Hotspot X="8280.33" Y="-814.8025" Z="1002.549" />
		<Hotspot X="8266.905" Y="-749.8551" Z="995.4313" />
		<Hotspot X="8226.842" Y="-697.2504" Z="998.316" />
		<Hotspot X="8175.431" Y="-656.0748" Z="1008.203" />
		<Hotspot X="8118.867" Y="-624.6488" Z="1021.25" />
		<Hotspot X="8066.099" Y="-621.6875" Z="1056.932" />
		<Hotspot X="8025.833" Y="-643.8326" Z="1104.18" />
		<Hotspot X="8009.536" Y="-703.4224" Z="1119.196" />
		<Hotspot X="8003.047" Y="-769.5974" Z="1122.041" />
		<Hotspot X="7991.985" Y="-834.8344" Z="1126.264" />
		<Hotspot X="7946.194" Y="-880.4695" Z="1128.264" />
		<Hotspot X="7887.467" Y="-889.5944" Z="1144.599" />
		<Hotspot X="7822.926" Y="-904.0638" Z="1139.702" />
		<Hotspot X="7771.531" Y="-930.2398" Z="1107.3" />
		<Hotspot X="7719.238" Y="-953.4814" Z="1073.279" />
		<Hotspot X="7665.694" Y="-975.6932" Z="1041.552" />
		<Hotspot X="7609.401" Y="-998.0104" Z="1013.941" />
		<Hotspot X="7552.556" Y="-1020.455" Z="986.9963" />
		<Hotspot X="7495.685" Y="-1042.744" Z="960.651" />
		<Hotspot X="7437.385" Y="-1071.442" Z="953.9426" />
		<Hotspot X="7391.623" Y="-1117.053" Z="964.1312" />
		<Hotspot X="7362.583" Y="-1176.701" Z="961.9136" />
		<Hotspot X="7332.005" Y="-1235.347" Z="954.6273" />
		<Hotspot X="7301.268" Y="-1293.868" Z="948.6348" />
		<Hotspot X="7267.847" Y="-1350.097" Z="960.0828" />
		<Hotspot X="7232.269" Y="-1403.945" Z="976.2277" />
		<Hotspot X="7189.569" Y="-1452.996" Z="972.3231" />
		<Hotspot X="7146.354" Y="-1501.289" Z="956.8245" />
		<Hotspot X="7095.181" Y="-1539.861" Z="942.1517" />
		<Hotspot X="7035.06" Y="-1563.494" Z="924.3904" />
		<Hotspot X="6971.545" Y="-1575.215" Z="911.3503" />
		<Hotspot X="6906.233" Y="-1568.986" Z="901.4479" />
		<Hotspot X="6844.175" Y="-1547.166" Z="891.7214" />
		<Hotspot X="6791.75" Y="-1530.435" Z="856.8745" />
		<Hotspot X="6744.273" Y="-1514.413" Z="813.9269" />
		<Hotspot X="6695.681" Y="-1496.424" Z="772.4948" />
		<Hotspot X="6644.676" Y="-1473.994" Z="734.8292" />
		<Hotspot X="6593.598" Y="-1453.566" Z="697.5136" />
		<Hotspot X="6542.684" Y="-1433.203" Z="660.3175" />
		<Hotspot X="6492.959" Y="-1406.848" Z="624.744" />
		<Hotspot X="6447.919" Y="-1366.884" Z="597.6491" />
		<Hotspot X="6405.081" Y="-1321.645" Z="576.0986" />
		<Hotspot X="6369.808" Y="-1280.385" Z="537.7306" />
		<Hotspot X="6334.534" Y="-1239.123" Z="499.689" />
		<Hotspot X="6292" Y="-1188.332" Z="494.3403" />
		<Hotspot X="6299.116" Y="-1126.494" Z="499.9086" />
		<Hotspot X="6334.54" Y="-1070.699" Z="505.889" />
		<Hotspot X="6374.783" Y="-1021.73" Z="524.572" />
		<Hotspot X="6429.292" Y="-1033.125" Z="558.4843" />
		<Hotspot X="6468.907" Y="-1002.64" Z="599.306" />
		<Hotspot X="6504.775" Y="-970.1606" Z="643.796" />
		<Hotspot X="6557.624" Y="-938.6407" Z="667.6775" />
		<Hotspot X="6601.23" Y="-921.8464" Z="714.7377" />
		<Hotspot X="6646.708" Y="-924.9168" Z="761.5908" />
		<Hotspot X="6683.799" Y="-954.1164" Z="809.2716" />
		<Hotspot X="6716.535" Y="-996.0094" Z="844.2426" />
		<Hotspot X="6771.26" Y="-1031.757" Z="850.0055" />
		<Hotspot X="6831.741" Y="-1015.124" Z="852.1306" />
		<Hotspot X="6867.4" Y="-969.0479" Z="877.1043" />
		<Hotspot X="6882.877" Y="-924.6985" Z="923.6322" />
		<Hotspot X="6901.028" Y="-862.1165" Z="913.2437" />
		<Hotspot X="6922.111" Y="-815.334" Z="872.6349" />
		<Hotspot X="6920.771" Y="-799.2994" Z="808.3972" />
		<Hotspot X="6944.192" Y="-775.8976" Z="758.5925" />
		<Hotspot X="6959.338" Y="-773.4375" Z="757.6147" />
	</Hotspots>
</HBProfile>
