<HBProfile>
  <Name>Mysterious Camel Figurine</Name>
  <MinDurability>0.4</MinDurability>
  <MinFreeBagSlots>1</MinFreeBagSlots>
  
  <MinLevel>1</MinLevel>
  <MaxLevel>100</MaxLevel>
  <Factions>99999</Factions>
  
  <MailGrey>False</MailGrey>
  <MailWhite>False</MailWhite>
  <MailGreen>False</MailGreen>
  <MailBlue>False</MailBlue>
  <MailPurple>False</MailPurple>
 
  <SellGrey>False</SellGrey>
  <SellWhite>False</SellWhite>
  <SellGreen>False</SellGreen>
  <SellBlue>False</SellBlue>
  <SellPurple>False</SellPurple>
  
	<Vendors>
		<Vendor Name="Rusty Anvil" Entry="48959" Type="Repair" X="-10701.63" Y="1044.231" Z="24.13959" /> 
		<Vendor Name="'Chesty' Jake" Entry="49409" Type="Repair" X="-8353.455" Y="759.2292" Z="151.4586" /> 
		<Vendor Name="Blacksmith Abasi" Entry="48617" Type="Repair" X="-9404.68" Y="-906.438" Z="112.5407" /> 
	</Vendors>

	<Hotspots>
		<Hotspot X="-8795.089" Y="342.1656" Z="397.9668" />
		<Hotspot X="-9263.318" Y="330.2694" Z="300.0042" />
		<Hotspot X="-9755.443" Y="-14.40426" Z="126.3796" />
		<Hotspot X="-10566.69" Y="1189.058" Z="60.10357" />
		<Hotspot X="-10583.36" Y="957.961" Z="55.73586" />
		<Hotspot X="-10641.01" Y="524.3224" Z="89.70275" />
		<Hotspot X="-10695.07" Y="342.4691" Z="68.70908" />
		<Hotspot X="-11350.35" Y="-465.0278" Z="148.8837" />
		<Hotspot X="-11427.77" Y="-725.8938" Z="152.6604" />
		<Hotspot X="-11300.04" Y="-841.3748" Z="152.9479" />
		<Hotspot X="-11068.18" Y="-699.4912" Z="115.5536" />
		<Hotspot X="-10136.94" Y="-810.8645" Z="97.77168" />
		<Hotspot X="-10413.46" Y="-1838.331" Z="139.7299" />
		<Hotspot X="-10239.94" Y="-2116.163" Z="121.6992" />
		<Hotspot X="-9938.48" Y="-2161.852" Z="95.79237" />
		<Hotspot X="-9193.277" Y="-1594.672" Z="152.709" />
		<Hotspot X="-9022.484" Y="-1536.537" Z="162.77" />
	</Hotspots>
</HBProfile>
